ServiceID,ServiceName,Group,FTL Application,Send Endpoint,Receive Endpoint
AS_DW_020,AS_DW_020_CustomerCreditProfileUpdate_DW,Insights,app_dw,ep_dw_send,ep_dw_receive
AS_CRM_001,AS_CRM_001-CustomerInteraction_CRM,CRM,app_crm,ep_crm_send,ep_crm_receive
AS_DW_004,AS_DW_004_CustomerInteraction_DW,Insights,app_dw,ep_dw_send,ep_dw_receive
AS_DW_006,AS_DW_006_UpdateCustomerCollectionAction,Insights,app_dw,ep_dw_send,ep_dw_receive
AS_DW_009,AS_DW_009_01_upsertVoucherInstance,Insights,app_dw,ep_dw_send,ep_dw_receive
AS_FM_002,AS_FM_002_01_upsertVoucherInstance,FraudManager,app_fm,ep_fm_send,ep_fm_receive
AS_EPC_002,AS_EPC_002_GenerateFile_EPC,CRM,app_crm,ep_crm_send,ep_crm_receive
AS_DW_007,AS_DW_007_Customer_DW,Insights,app_dw,ep_dw_send,ep_dw_receive
AS_DW_005,AS_DW_005_NotifyBillingAccountCreation,Insights,app_dw,ep_dw_send,ep_dw_receive
AS_RNP_001,AS_RNP_001-LogicalResource_RNP,Rebus MNP,app_rnp,ep_rnp_send,ep_rnp_receive
AS_CRM_007,AS_CRM_007-ResourceOrder_CRM,CRM,app_crm,ep_crm_send,ep_crm_receive
AS_DW_008,AS_DW_008_UpsertCustomerOrder_DW,Insights,app_dw,ep_dw_send,ep_dw_receive
AS_DW_016,AS_DW_016-CustomerOrderStatus_DW,Insights,app_dw,ep_dw_send,ep_dw_receive
AS_DW_015,AS_DW_015_01_ProblemTicketDetails_DW,Insights,app_dw,ep_dw_send,ep_dw_receive
BPS_CRM_003,BPS_CRM_003-BPS_ExtractBatchAbandonedAnonymousOrderJourney,CRM,app_crm,ep_crm_send,ep_crm_receive
BPS_CRM_004,BPS_CRM_004-BPS_ExtractBatchAbandonedOrderJourney,CRM,app_crm,ep_crm_send,ep_crm_receive
BPS_CRM_005,BPS_CRM_005-RetrieveCompletedOrders,CRM,app_crm,ep_crm_send,ep_crm_receive
AS_CM_007,AS-CM-007-SendRuleBasedCommunication,CampaignManager,app_cm,ep_cm_send,ep_cm_receive
AS_CM_005,AS-CM-005-SendImmediateCommunication,CampaignManager,app_cm,ep_cm_send,ep_cm_receive
AS_EX_003,AS_EX_003-CustomerOrder_EX,Credit Check (Experian),app_ex,ep_ex_send,ep_ex_receive
AS_CRM_015,AS_CRM_015-SaveCardToken,CRM,app_crm,ep_crm_send,ep_crm_receive
BS_126,BS_126_AutoTopUp,Rebus Integration,app_ri,ep_ran_send,ep_ri_receive
AS_FM_003,AS_FM_003_CustomerBillingAccount,FraudManager,app_fm,ep_fm_send,ep_fm_receive
AS_FM_004,AS_FM_004_01_NotifyCustomerOrderStatus,FraudManager,app_fm,ep_fm_send,ep_fm_receive
AS_FM_005,AS_FM_005-NotifyCustomerOrderStatus,FraudManager,app_fm,ep_fm_send,ep_fm_receive
AS_DW_017,AS_DW_017-CustomerAgreement_DW,Insights,app_dw,ep_dw_send,ep_dw_receive
BPS_CRM_011,BPS_CRM_011_BPS_ExtractPreSurveyInteraction,CRM,app_crm,ep_crm_send,ep_crm_receive
BPS_CRM_012,BPS_CRM_012-ExtractPostSurveyInteraction,CRM,app_crm,ep_crm_send,ep_crm_receive
BS_159,BS_159_NotifySubscriberThreshold,Rebus Integration,app_ri,ep_ri_send,ep_ri_receive
AS_DW_018,AS_DW_018_01_NotifySubscriberThreshold,Insights,app_dw,ep_dw_send,ep_dw_receive
BPS_CRM_006,BPS_CRM_006-ExtractMaliciousCommunicationsDetails,CRM,app_crm,ep_crm_send,ep_crm_receive
AS_CRM_019,AS_CRM_019_RTAMSync_CRM,CRM,app_crm,ep_crm_send,ep_crm_receive
AS_PUB_001,AS_PUB_001_RTAMSync,Publishing,app_pub,ep_pub_send,ep_pub_receive
BPS_CRM_007,BPS_CRM_007-TriggerActiveAssetInsuranceCustomers,CRM,app_crm,ep_crm_send,ep_crm_receive
BPS_CRM_008,BPS_CRM_008_TriggerAssettInsuranceSalesAndCancellations,CRM,app_crm,ep_crm_send,ep_crm_receive
AS_RAN_004,AS_RAN_004_LogRANReports_RAN,RAN Manager(Resolve),app_ran,ep_ran_send,ep_ran_receive
AS_DW_019,AS_DW_019-LogNWDiagnosticReports_DW,Insights,app_dw,ep_dw_send,ep_dw_receive
BS_175,BS_175-CustomerOrderConfirmation,Rebus Integration,app_ri,ep_ri_send,ep_ri_receive
BS_179,BS_179-ExtractBulkComm,Rebus Integration,app_ri,ep_ri_send,ep_ri_receive
BS_182,BS_182_PostOrderCharge,Rebus Integration,app_ri,ep_ri_send,ep_ri_receive
AS_DW_021,AS_DW_021_CreateMonetisationEvents_DW,Insights,app_dw,ep_dw_send,ep_dw_receive
AS_FILE_001,AS_FILE_001_01_MonetisationFileWriting_MED,Rebus Integration (File),app_file,ep_file_send,ep_file_receive
BS_193,BS_193-PostAccountRefund,Rebus Integration,app_ri,ep_ri_send,ep_ri_receive
AS_DW_002,AS_DW_002-NotifyProblemStatus_DW,Insights,app_dw,ep_dw_send,ep_dw_receive
AS_DW_003,AS_DW_003-CustomerCreditProfile_DW,Insights,app_dw,ep_dw_send,ep_dw_receive
BPS_CRM_001,BPS_CRM_001-ExtractBulkCommData,CRM,app_crm,ep_crm_send,ep_crm_receive
BPS_CRM_009,BPS_CRM_009-UpdateMobileAppSubscriberDetails,CRM,app_crm,ep_crm_send,ep_crm_receive
BPS_CRM_013,BPS_CRM_013_UpdateSurveyOptedOutViaSMS,CRM,app_crm,ep_crm_send,ep_crm_receive
CLE,CLELogAndExceptionHandler,CommonLogger and ExceptionHandling,app_cle,ep_cle_send,ep_cle_receive
CLE,CLEExceptionHandler,CommonLogger and ExceptionHandling,app_cle,ep_cle_send,ep_cle_receive
AS_RSS_001,AS_RSS_001-FileWriterService_RSS,Rebus Integration,app_ri,ep_ri_send,ep_ri_receive
AS_EPC_001,AS_EPC_001-TriggerEPCFeed_CRM,CRM,app_crm,ep_crm_send,ep_crm_receive
AS_CRM_036,AS_CRM_036-ReceiptTransaction_CRM,CRM,app_crm,ep_crm_send,ep_crm_receive
BPS_CRM_016,BPS_CRM_016-DataLoadStatus,CRM,app_crm,ep_crm_send,ep_crm_receive
BPS_CRM_015,BPS_CRM_015-EPCBulkUpload,CRM,app_crm,ep_crm_send,ep_crm_receive
BPS_CRM_017,BPS_CRM_017-BulkPreProvisioning,CRM,app_crm,ep_crm_send,ep_crm_receive
AS_PPE_001,AS_PPE_001-CustomerOrderStatus,PPE,app_ppe,ep_ppe_send,ep_ppe_receive
AS_DW_028,AS_DW_028-UpdateParty_DW,Insights,app_dw,ep_dw_send,ep_dw_receive
AS_DW_027,AS_DW_027-AuthorisedParty_DW,Insights,app_dw,ep_dw_send,ep_dw_receive
